teamId,passes_total,passes_accurate,long_balls,final_third_entries,box_entries,wide_actions,defensive_duels,high_press_actions,set_pieces,shots_total,goals,matches_played,avg_pass_distance_m,avg_forward_progress,league_code,pass_accuracy_pct,long_ball_pct,wide_action_pct,high_press_pct,passes_total_per_match,passes_accurate_per_match,long_balls_per_match,final_third_entries_per_match,box_entries_per_match,wide_actions_per_match,defensive_duels_per_match,high_press_actions_per_match,set_pieces_per_match,shots_total_per_match,goals_per_match
674,15723,13193,2605,2167,1010,10369,2517,769,1648,418,54,38,19.24338637794144,2.9776280016204795,Spain,83.90892323347961,16.568084971061502,65.94797430515806,30.552244735796585,413.7631578947368,347.1842105263158,68.55263157894737,57.026315789473685,26.57894736842105,272.86842105263156,66.23684210526316,20.236842105263158,43.36842105263158,11.0,1.4210526315789473
675,22053,19439,3226,2689,1637,15651,2248,805,1628,629,81,38,18.98424149299288,1.9742401955094977,Spain,88.14673740534168,14.628395229673968,70.96993606312067,35.80960854092527,580.3421052631579,511.55263157894734,84.89473684210526,70.76315789473684,43.078947368421055,411.86842105263156,59.1578947368421,21.18421052631579,42.8421052631579,16.55263157894737,2.1315789473684212
676,23260,20589,2910,2757,1550,15732,2106,757,1664,502,87,38,18.08752312753911,2.195524397836307,Spain,88.51676698194325,12.510748065348237,67.63542562338779,35.94491927825261,612.1052631578947,541.8157894736842,76.57894736842105,72.55263157894737,40.78947368421053,414.0,55.421052631578945,19.92105263157895,43.78947368421053,13.210526315789474,2.289473684210526
677,14539,11663,2764,2065,1032,10543,2549,755,1740,405,35,38,19.591694050177342,3.299091879956735,Spain,80.2187220579132,19.01093610289566,72.51530366600178,29.619458611220082,382.60526315789474,306.92105263157896,72.73684210526316,54.3421052631579,27.157894736842106,277.44736842105266,67.07894736842105,19.86842105263158,45.78947368421053,10.657894736842104,0.9210526315789473
678,15022,12077,3034,2367,1073,10362,2607,860,1748,377,32,38,20.01014318327022,3.1908921239754906,Spain,80.39542005059246,20.19704433497537,68.97883104779656,32.98810893747602,395.3157894736842,317.8157894736842,79.84210526315789,62.28947368421053,28.236842105263158,272.6842105263158,68.60526315789474,22.63157894736842,46.0,9.921052631578947,0.8421052631578947
679,16336,13600,2480,2204,923,11316,2678,768,1674,354,51,38,18.456387545121665,3.1154755646950227,Spain,83.2517140058766,15.181194906953966,69.27032321253674,28.678117998506348,429.89473684210526,357.89473684210526,65.26315789473684,58.0,24.289473684210527,297.7894736842105,70.47368421052632,20.210526315789473,44.05263157894737,9.31578947368421,1.3421052631578947
680,18026,15182,2764,2513,1199,12681,2680,742,1767,469,44,38,18.753046796622012,2.796595823230961,Spain,84.22278930433818,15.333407300565849,70.34838566515033,27.686567164179106,474.36842105263156,399.5263157894737,72.73684210526316,66.13157894736842,31.55263157894737,333.7105263157895,70.52631578947368,19.526315789473685,46.5,12.342105263157896,1.1578947368421053
682,16534,13904,2717,2132,984,11221,2667,878,1650,435,52,38,19.128155476026993,2.663130896857092,Spain,84.09338333131728,16.43280512882545,67.8662150719729,32.92088488938882,435.10526315789474,365.89473684210526,71.5,56.10526315789474,25.894736842105264,295.2894736842105,70.1842105263158,23.105263157894736,43.421052631578945,11.447368421052632,1.368421052631579
683,13340,10670,2740,2048,817,9605,2688,855,1823,344,19,38,19.516029876453302,3.5994620533469512,Spain,79.98500749625187,20.539730134932537,72.0014992503748,31.808035714285715,351.05263157894734,280.7894736842105,72.10526315789474,53.89473684210526,21.5,252.76315789473685,70.73684210526316,22.5,47.973684210526315,9.052631578947368,0.5
684,19342,16767,2906,2193,817,13055,2241,640,1595,359,53,38,19.173640375719366,2.5053679141859413,Spain,86.68700237824424,15.024299451969805,67.49560541826078,28.5586791610888,509.0,441.2368421052632,76.47368421052632,57.71052631578947,21.5,343.55263157894734,58.973684210526315,16.842105263157894,41.973684210526315,9.447368421052632,1.394736842105263
687,18440,15890,3112,2186,1091,13046,2269,755,1793,450,59,38,19.611142363140413,2.391138293576897,Spain,86.1713665943601,16.8763557483731,70.74837310195228,33.27457029528426,485.2631578947368,418.1578947368421,81.89473684210526,57.526315789473685,28.710526315789473,343.3157894736842,59.71052631578947,19.86842105263158,47.18421052631579,11.842105263157896,1.5526315789473684
691,14641,11685,2857,2134,938,10236,2527,719,1785,361,30,38,19.3309494912648,3.3121559775570155,Spain,79.81012225940852,19.51369441978007,69.91325729116863,28.45271072417887,385.2894736842105,307.5,75.1842105263158,56.1578947368421,24.68421052631579,269.36842105263156,66.5,18.92105263157895,46.973684210526315,9.5,0.7894736842105263
692,18767,15964,3320,2256,1043,12490,2306,693,1632,386,53,38,19.547425369229114,2.6634137264731783,Spain,85.06420845100442,17.690627164704,66.55299195396174,30.0520381613183,493.86842105263156,420.10526315789474,87.36842105263158,59.36842105263158,27.44736842105263,328.6842105263158,60.68421052631579,18.236842105263158,42.94736842105263,10.157894736842104,1.394736842105263
695,12416,9829,2510,1920,944,8884,2376,760,1775,352,32,38,19.628899300256705,3.4397697614135048,Spain,79.16398195876289,20.215850515463917,71.5528350515464,31.986531986531986,326.7368421052632,258.6578947368421,66.05263157894737,50.526315789473685,24.842105263157894,233.78947368421052,62.526315789473685,20.0,46.71052631578947,9.263157894736842,0.8421052631578947
696,11427,8871,2340,1818,730,7717,2557,762,1805,331,38,38,19.49766976293907,3.526178084216689,Spain,77.63192438960357,20.477815699658702,67.53303579242146,29.80054751662104,300.7105263157895,233.44736842105263,61.578947368421055,47.8421052631579,19.210526315789473,203.07894736842104,67.28947368421052,20.05263157894737,47.5,8.710526315789474,1.0
698,10692,7803,2633,2142,859,7728,2699,889,1955,317,35,38,19.851166741748845,4.44061152010445,Spain,72.97979797979798,24.6258885147774,72.27833894500561,32.93812523156724,281.36842105263156,205.3421052631579,69.28947368421052,56.36842105263158,22.605263157894736,203.3684210526316,71.02631578947368,23.394736842105264,51.44736842105263,8.342105263157896,0.9210526315789473
701,15224,11909,3746,2853,1084,11058,2208,951,2004,405,39,38,20.48144208884985,3.752340359563546,Spain,78.22517078297425,24.60588544403573,72.6353126642144,43.07065217391305,400.63157894736844,313.39473684210526,98.57894736842105,75.07894736842105,28.526315789473685,291.0,58.10526315789474,25.026315789473685,52.73684210526316,10.657894736842104,1.0263157894736843
712,12234,9492,2563,1976,784,8752,2622,828,1844,356,30,38,19.392491336714098,3.9885239255492766,Spain,77.58705247670427,20.949811999346085,71.53833578551577,31.57894736842105,321.94736842105266,249.78947368421052,67.44736842105263,52.0,20.63157894736842,230.31578947368422,69.0,21.789473684210527,48.526315789473685,9.368421052631579,0.7894736842105263
714,17148,14568,2656,2088,904,11363,2420,723,1842,339,18,38,18.38828518114978,2.6473691783699356,Spain,84.95451364590623,15.488686727315141,66.26428738045253,29.87603305785124,451.2631578947368,383.36842105263156,69.89473684210526,54.94736842105263,23.789473684210527,299.0263157894737,63.68421052631579,19.026315789473685,48.473684210526315,8.921052631578947,0.47368421052631576
756,13507,10940,3113,2043,900,9430,2406,846,1745,387,42,38,20.09062116463732,3.458293751704674,Spain,80.99503960909158,23.04730880284297,69.81565114385133,35.16209476309227,355.44736842105266,287.89473684210526,81.92105263157895,53.76315789473684,23.68421052631579,248.1578947368421,63.31578947368421,22.263157894736842,45.921052631578945,10.18421052631579,1.105263157894737
1609,22782,19728,3002,2944,1522,14931,2379,761,1554,538,69,38,18.614427372982107,2.6105735726276817,England,86.59468001053463,13.177069616363795,65.53858309191467,31.988230348886088,599.5263157894736,519.1578947368421,79.0,77.47368421052632,40.05263157894737,392.92105263157896,62.60526315789474,20.026315789473685,40.89473684210526,14.157894736842104,1.8157894736842106
1610,20467,17600,3079,2711,1357,13548,2281,640,1559,550,55,38,19.409676427323994,2.620624046391702,England,85.99208481946549,15.043728929496261,66.19436165534763,28.05786935554581,538.6052631578947,463.1578947368421,81.02631578947368,71.34210526315789,35.71052631578947,356.5263157894737,60.026315789473685,16.842105263157894,41.026315789473685,14.473684210526315,1.4473684210526316
1611,19372,16599,2888,2538,1227,13134,2379,694,1677,466,64,38,18.667974686227872,2.837044466432951,England,85.68552550072269,14.908114804873012,67.79888498864341,29.17192097519966,509.7894736842105,436.8157894736842,76.0,66.78947368421052,32.28947368421053,345.63157894736844,62.60526315789474,18.263157894736842,44.13157894736842,12.263157894736842,1.6842105263157894
1612,22268,19137,3442,3035,1517,14864,2248,735,1588,600,78,38,19.41657079648137,2.865335941137003,England,85.93946470271241,15.457158253996766,66.75049398239626,32.695729537366546,586.0,503.60526315789474,90.57894736842105,79.86842105263158,39.921052631578945,391.1578947368421,59.1578947368421,19.342105263157894,41.78947368421053,15.789473684210526,2.0526315789473686
1613,13017,10233,2558,2015,872,8817,2596,652,1725,410,37,38,19.466876180489606,3.9124745131722647,England,78.61258354459552,19.651225320734426,67.73450103710532,25.115562403698,342.55263157894734,269.2894736842105,67.3157894736842,53.026315789473685,22.94736842105263,232.02631578947367,68.3157894736842,17.157894736842106,45.39473684210526,10.789473684210526,0.9736842105263158
1619,16536,13463,2994,2511,1058,11524,2542,719,1755,415,32,38,19.455703630642777,3.355530311715034,England,81.41630382196419,18.105950653120466,69.6903725205612,28.28481510621558,435.1578947368421,354.2894736842105,78.78947368421052,66.07894736842105,27.842105263157894,303.2631578947368,66.89473684210526,18.92105263157895,46.18421052631579,10.921052631578947,0.8421052631578947
1623,14032,11165,2890,2340,812,9539,2721,794,1680,320,37,38,19.618147551832262,3.9624581443734255,England,79.56812998859749,20.595781071835802,67.980330672748,29.18044836457185,369.2631578947368,293.8157894736842,76.05263157894737,61.578947368421055,21.36842105263158,251.02631578947367,71.60526315789474,20.894736842105264,44.21052631578947,8.421052631578947,0.9736842105263158
1624,20988,17923,3199,3032,1375,13954,2213,786,1808,568,67,38,19.154870963854123,2.7249832707439534,England,85.39641700019058,15.24204307223175,66.48561082523346,35.51739719837325,552.3157894736842,471.6578947368421,84.1842105263158,79.78947368421052,36.18421052631579,367.2105263157895,58.23684210526316,20.68421052631579,47.578947368421055,14.947368421052632,1.763157894736842
1625,27523,24767,3010,3242,1640,18773,1932,788,1535,603,94,38,18.147446666925596,2.1384323167822537,England,89.98655669803438,10.936307815281765,68.2084075137158,40.78674948240166,724.2894736842105,651.7631578947369,79.21052631578948,85.3157894736842,43.1578947368421,494.0263157894737,50.8421052631579,20.736842105263158,40.39473684210526,15.868421052631579,2.473684210526316
1627,12452,9664,2751,2107,853,8712,2371,663,1720,351,29,38,19.790328318175117,4.223600505584431,England,77.61002248634757,22.092836492129777,69.96466431095406,27.9628848587094,327.6842105263158,254.31578947368422,72.39473684210526,55.44736842105263,22.44736842105263,229.26315789473685,62.39473684210526,17.44736842105263,45.26315789473684,9.236842105263158,0.7631578947368421
1628,13510,10779,2506,2159,976,9201,2457,651,1776,424,35,38,19.205915430492894,3.8209683966557995,England,79.78534418948927,18.549222797927463,68.10510732790526,26.495726495726498,355.5263157894737,283.6578947368421,65.94736842105263,56.81578947368421,25.68421052631579,242.1315789473684,64.65789473684211,17.13157894736842,46.73684210526316,11.157894736842104,0.9210526315789473
1631,14377,11374,2867,2269,924,10051,2490,603,1806,375,47,38,19.80694555350486,3.624660054385173,England,79.1124713083397,19.941573346317035,69.91027335327259,24.216867469879517,378.3421052631579,299.3157894736842,75.44736842105263,59.71052631578947,24.31578947368421,264.5,65.52631578947368,15.868421052631579,47.526315789473685,9.868421052631579,1.236842105263158
1633,13582,10835,2718,2138,844,9669,2311,620,1792,327,45,38,19.479663421710935,3.56126792062427,England,79.77470181122074,20.01178029745251,71.18981004270358,26.82821289485071,357.42105263157896,285.13157894736844,71.52631578947368,56.26315789473684,22.210526315789473,254.44736842105263,60.81578947368421,16.31578947368421,47.1578947368421,8.605263157894736,1.1842105263157894
1639,11851,9150,2547,2046,805,8036,2555,605,1751,355,33,38,19.969741056566242,4.06567451596369,England,77.2086743734706,21.49185722723821,67.80862374483166,23.679060665362034,311.86842105263156,240.78947368421052,67.02631578947368,53.8421052631579,21.18421052631579,211.47368421052633,67.23684210526316,15.921052631578947,46.078947368421055,9.342105263157896,0.868421052631579
1644,14854,11981,2780,2226,992,10487,2515,722,1813,405,39,38,19.22344168568115,3.4435403454543603,England,80.6584085094924,18.71549750908846,70.6005116466945,28.707753479125248,390.89473684210526,315.2894736842105,73.15789473684211,58.578947368421055,26.105263157894736,275.9736842105263,66.1842105263158,19.0,47.71052631578947,10.657894736842104,1.0263157894736843
1646,12765,9920,3007,2388,860,8777,2181,584,1753,344,34,38,20.9215568867086,4.246148279061009,England,77.71249510379945,23.55660007833921,68.75832354093222,26.77670793214122,335.92105263157896,261.05263157894734,79.13157894736842,62.8421052631579,22.63157894736842,230.97368421052633,57.39473684210526,15.368421052631579,46.13157894736842,9.052631578947368,0.8947368421052632
1651,13944,11121,2965,2018,804,10088,2346,540,1581,355,28,38,20.14207323461889,3.5816264932999657,England,79.75473321858864,21.26362593230063,72.34652897303499,23.017902813299234,366.94736842105266,292.6578947368421,78.02631578947368,53.10526315789474,21.157894736842106,265.4736842105263,61.73684210526316,14.210526315789474,41.60526315789474,9.342105263157896,0.7368421052631579
1659,15358,12463,2540,2092,1059,11004,2143,635,1818,413,41,38,19.0559473099594,3.487521841164656,England,81.1498893085037,16.538611798411253,71.64995442114859,29.6313579094727,404.1578947368421,327.9736842105263,66.84210526315789,55.05263157894737,27.86842105263158,289.57894736842104,56.39473684210526,16.710526315789473,47.8421052631579,10.868421052631579,1.0789473684210527
1673,14098,11112,2776,2130,824,10105,2645,703,1769,326,24,38,19.391106290359772,3.759663946119814,England,78.81969073627465,19.690736274648888,71.67683359341751,26.578449905482042,371.0,292.42105263157896,73.05263157894737,56.05263157894737,21.68421052631579,265.92105263157896,69.60526315789474,18.5,46.55263157894737,8.578947368421053,0.631578947368421
2443,13810,11085,2866,2103,866,9883,2300,725,1701,378,34,34,19.476240082519922,3.373391764428252,Germany,80.26792179580015,20.753077480086894,71.56408399710355,31.521739130434785,406.1764705882353,326.02941176470586,84.29411764705883,61.85294117647059,25.470588235294116,290.6764705882353,67.6470588235294,21.323529411764707,50.029411764705884,11.117647058823529,1.0
2444,22015,19415,3517,2825,1440,15137,1777,662,1474,535,83,34,19.489599527983614,2.4431505049435107,Germany,88.18987054281172,15.975471269588917,68.75766522825346,37.253798536859875,647.5,571.0294117647059,103.44117647058823,83.08823529411765,42.35294117647059,445.20588235294116,52.26470588235294,19.470588235294116,43.35294117647059,15.735294117647058,2.4411764705882355
2445,13986,11409,2787,2061,766,9618,2226,698,1639,319,34,34,19.461036106486915,3.708924559185386,Germany,81.57443157443157,19.927069927069926,68.76876876876878,31.356693620844567,411.3529411764706,335.55882352941177,81.97058823529412,60.61764705882353,22.529411764705884,282.88235294117646,65.47058823529412,20.529411764705884,48.205882352941174,9.382352941176471,1.0
2446,16271,13762,2490,2089,1036,11542,1980,647,1653,452,55,34,18.549118040583693,2.7417711504240208,Germany,84.57992747833569,15.303300350316515,70.93602114190892,32.676767676767675,478.55882352941177,404.7647058823529,73.23529411764706,61.44117647058823,30.470588235294116,339.47058823529414,58.23529411764706,19.029411764705884,48.61764705882353,13.294117647058824,1.6176470588235294
2447,18225,15545,2670,2521,1210,12332,2080,717,1632,438,59,34,18.798321404347487,2.95596763982037,Germany,85.29492455418381,14.650205761316872,67.66529492455419,34.47115384615385,536.0294117647059,457.20588235294116,78.52941176470588,74.1470588235294,35.588235294117645,362.70588235294116,61.1764705882353,21.08823529411765,48.0,12.882352941176471,1.7352941176470589
2449,13612,11251,2262,1746,743,9261,2421,782,1613,353,37,34,18.819777909849822,3.3642089668070487,Germany,82.65501028504261,16.617690273288275,68.03555686159271,32.300702189178025,400.3529411764706,330.9117647058824,66.52941176470588,51.35294117647059,21.852941176470587,272.38235294117646,71.20588235294117,23.0,47.44117647058823,10.382352941176471,1.088235294117647
2450,12535,9769,2593,1979,826,8684,2191,720,1840,335,23,34,19.551769674662523,3.585700826910846,Germany,77.93378540087754,20.686078978859193,69.27802153968887,32.86170698311273,368.6764705882353,287.3235294117647,76.26470588235294,58.205882352941174,24.294117647058822,255.41176470588235,64.44117647058823,21.176470588235293,54.11764705882353,9.852941176470589,0.6764705882352942
2451,14372,11916,2775,2010,715,9834,2050,554,1575,315,30,34,19.624032049971806,3.2633042310960674,Germany,82.91121625382688,19.308377400500973,68.42471472307264,27.02439024390244,422.70588235294116,350.47058823529414,81.61764705882354,59.11764705882353,21.029411764705884,289.2352941176471,60.294117647058826,16.294117647058822,46.3235294117647,9.264705882352942,0.8823529411764706
2453,12605,10236,2460,1751,647,8299,2155,642,1652,339,26,34,19.77881799767074,3.4390827013203022,Germany,81.20587068623563,19.51606505355018,65.83895279650932,29.791183294663576,370.7352941176471,301.05882352941177,72.3529411764706,51.5,19.029411764705884,244.08823529411765,63.38235294117647,18.88235294117647,48.588235294117645,9.970588235294118,0.7647058823529411
2454,15996,13540,2555,2002,864,10583,2080,634,1616,405,39,34,19.05385755482234,2.667906842276121,Germany,84.6461615403851,15.972743185796448,66.16029007251812,30.480769230769234,470.47058823529414,398.2352941176471,75.1470588235294,58.88235294117647,25.41176470588235,311.2647058823529,61.1764705882353,18.647058823529413,47.529411764705884,11.911764705882353,1.1470588235294117
2455,12533,9876,2392,1817,737,8547,2374,685,1787,391,39,34,19.66500792386173,3.6956052194968243,Germany,78.79996808425756,19.08561397909519,68.19596265858135,28.85425442291491,368.61764705882354,290.47058823529414,70.3529411764706,53.44117647058823,21.676470588235293,251.38235294117646,69.82352941176471,20.147058823529413,52.55882352941177,11.5,1.1470588235294117
2457,13520,11049,2621,1819,638,9372,2249,702,1571,290,39,34,19.190866295394045,3.3850171383679406,Germany,81.72337278106508,19.38609467455621,69.31952662721893,31.213872832369944,397.6470588235294,324.97058823529414,77.08823529411765,53.5,18.764705882352942,275.6470588235294,66.1470588235294,20.647058823529413,46.205882352941174,8.529411764705882,1.1470588235294117
2460,11831,9343,2426,1855,737,7787,2324,750,1635,384,34,34,19.389566173063137,3.495726030273196,Germany,78.97050122559378,20.505451779224074,65.81861212069985,32.27194492254733,347.97058823529414,274.79411764705884,71.3529411764706,54.55882352941177,21.676470588235293,229.02941176470588,68.3529411764706,22.058823529411764,48.088235294117645,11.294117647058824,1.0
2462,13312,10668,2828,2080,867,8864,2179,752,1663,347,42,34,20.132343953271246,3.7928642549454974,Germany,80.13822115384616,21.243990384615387,66.58653846153845,34.51124368976595,391.52941176470586,313.7647058823529,83.17647058823529,61.1764705882353,25.5,260.70588235294116,64.08823529411765,22.11764705882353,48.911764705882355,10.205882352941176,1.2352941176470589
2463,13463,10917,2597,2061,860,8951,2302,645,1613,347,27,34,19.645077428674796,3.562228297075412,Germany,81.08891034687663,19.289905667384684,66.48592438535245,28.01911381407472,395.97058823529414,321.0882352941176,76.38235294117646,60.61764705882353,25.294117647058822,263.2647058823529,67.70588235294117,18.970588235294116,47.44117647058823,10.205882352941176,0.7941176470588235
2481,12100,9334,2770,2017,893,8269,2204,666,1660,395,36,34,19.997081035653004,3.7421100935994294,Germany,77.14049586776859,22.892561983471076,68.33884297520662,30.217785843920147,355.88235294117646,274.52941176470586,81.47058823529412,59.3235294117647,26.264705882352942,243.2058823529412,64.82352941176471,19.58823529411765,48.8235294117647,11.617647058823529,1.0588235294117647
2482,15420,12895,2707,2066,996,9760,2416,726,1483,442,58,34,19.456662560597962,2.991599685295097,Germany,83.62516212710766,17.555123216601814,63.29442282749675,30.049668874172188,453.52941176470586,379.2647058823529,79.61764705882354,60.76470588235294,29.294117647058822,287.05882352941177,71.05882352941177,21.352941176470587,43.61764705882353,13.0,1.7058823529411764
2975,15826,12942,2474,2433,1052,11090,2114,730,1747,431,51,34,18.45197290472343,3.14720233670017,Germany,81.77682294957664,15.632503475293822,70.07456084923544,34.53169347209082,465.47058823529414,380.6470588235294,72.76470588235294,71.55882352941177,30.941176470588236,326.1764705882353,62.1764705882353,21.470588235294116,51.38235294117647,12.676470588235293,1.5
3157,19484,16822,3174,2638,1248,13488,2221,907,1759,558,48,38,19.14667857216958,2.4148124514053197,Italy,86.33750769862452,16.290289468281667,69.22603161568468,40.837460603331834,512.7368421052631,442.6842105263158,83.52631578947368,69.42105263157895,32.8421052631579,354.94736842105266,58.44736842105263,23.86842105263158,46.28947368421053,14.68421052631579,1.263157894736842
3158,19087,16127,3203,2742,1439,13056,2112,840,1793,597,51,38,19.501423963738116,2.694313007778051,Italy,84.49206266044952,16.781055168439252,68.40257767066589,39.77272727272727,502.2894736842105,424.39473684210526,84.28947368421052,72.15789473684211,37.86842105263158,343.57894736842104,55.578947368421055,22.105263157894736,47.18421052631579,15.710526315789474,1.3421052631578947
3159,21519,19025,3306,2543,1078,14486,2101,819,1545,481,72,38,19.152516935104725,2.1897579267749854,Italy,88.41024211162228,15.363167433430922,67.31725451926205,38.98143741075678,566.2894736842105,500.6578947368421,87.0,66.92105263157895,28.36842105263158,381.2105263157895,55.28947368421053,21.55263157894737,40.6578947368421,12.657894736842104,1.894736842105263
3161,20450,17553,2825,2516,1414,13617,2313,806,1682,536,56,38,18.627898111526356,2.4062464821154026,Italy,85.83374083129584,13.814180929095354,66.58679706601467,34.84651967142239,538.1578947368421,461.92105263157896,74.34210526315789,66.21052631578948,37.21052631578947,358.3421052631579,60.86842105263158,21.210526315789473,44.26315789473684,14.105263157894736,1.4736842105263157
3162,18116,15245,3048,2490,1242,12363,2443,837,1640,507,75,38,19.37485669747125,2.7598044465120055,Italy,84.15213071318172,16.824906160300287,68.24354162066682,34.26115431846091,476.7368421052632,401.1842105263158,80.21052631578948,65.52631578947368,32.68421052631579,325.3421052631579,64.28947368421052,22.026315789473685,43.1578947368421,13.342105263157896,1.9736842105263157
3163,14524,11808,2675,1965,894,9980,2589,777,1791,401,38,38,19.340310204790985,3.4210347174512457,Italy,81.29991737813275,18.41779124208207,68.7138529330763,30.011587485515644,382.2105263157895,310.7368421052632,70.39473684210526,51.71052631578947,23.526315789473685,262.63157894736844,68.13157894736842,20.44736842105263,47.13157894736842,10.552631578947368,1.0
3164,17832,15067,2681,2410,1098,11069,2241,865,1806,416,46,38,18.902747999120876,2.778712898203879,Italy,84.49416778824586,15.034768954688202,62.073799910273664,38.59883980365908,469.2631578947368,396.5,70.55263157894737,63.421052631578945,28.894736842105264,291.2894736842105,58.973684210526315,22.763157894736842,47.526315789473685,10.947368421052632,1.2105263157894737
3165,14516,11692,2787,2149,1007,9942,2405,740,1756,348,34,38,19.407653090147846,3.48835128710318,Italy,80.54560484982089,19.199503995591073,68.48994213281895,30.76923076923077,382.0,307.6842105263158,73.34210526315789,56.55263157894737,26.5,261.63157894736844,63.28947368421053,19.473684210526315,46.21052631578947,9.157894736842104,0.8947368421052632
3166,15157,12467,2770,2098,806,10658,2527,665,1817,298,30,38,19.170384435669934,3.3648447632713663,Italy,82.25242462228674,18.27538431087946,70.31734512106618,26.31578947368421,398.86842105263156,328.07894736842104,72.89473684210526,55.21052631578947,21.210526315789473,280.4736842105263,66.5,17.5,47.81578947368421,7.842105263157895,0.7894736842105263
3172,18632,15619,3157,2516,1273,13829,2636,874,1782,525,52,38,18.791750141366624,2.8776933659663073,Italy,83.8288965221125,16.943967367969083,74.22176899957064,33.15629742033384,490.3157894736842,411.0263157894737,83.07894736842105,66.21052631578948,33.5,363.92105263157896,69.36842105263158,23.0,46.89473684210526,13.81578947368421,1.368421052631579
3173,14094,11104,2747,2268,1006,9637,2598,864,1858,327,28,38,19.152166574025667,3.51377496267891,Italy,78.78529870867035,19.49056336029516,68.37661416205478,33.25635103926097,370.89473684210526,292.2105263157895,72.28947368421052,59.68421052631579,26.473684210526315,253.60526315789474,68.36842105263158,22.736842105263158,48.89473684210526,8.605263157894736,0.7368421052631579
3176,17148,14326,2814,2410,1140,11415,2894,945,1703,561,44,38,19.064097452577847,2.7705300429005035,Italy,83.54327035222767,16.41007697690693,66.56752974107768,32.65376641326883,451.2631578947368,377.0,74.05263157894737,63.421052631578945,30.0,300.39473684210526,76.15789473684211,24.86842105263158,44.81578947368421,14.763157894736842,1.1578947368421053
3185,15903,13213,2774,2017,931,11196,2394,837,1893,409,53,38,18.709077361994993,2.960551734444652,Italy,83.08495252468087,17.44324970131422,70.40181097906056,34.962406015037594,418.5,347.7105263157895,73.0,53.078947368421055,24.5,294.63157894736844,63.0,22.026315789473685,49.81578947368421,10.763157894736842,1.394736842105263
3187,26873,23696,3219,3658,1456,19052,2151,897,1681,605,63,38,18.18630416165656,2.054110569971101,Italy,88.17772485394262,11.978565846760688,70.89643880474826,41.701534170153415,707.1842105263158,623.578947368421,84.71052631578948,96.26315789473684,38.31578947368421,501.36842105263156,56.60526315789474,23.605263157894736,44.23684210526316,15.921052631578947,1.6578947368421053
3193,15242,12273,2737,2234,1027,10462,2591,780,1771,379,26,38,19.22093053781263,3.4520413712656306,Italy,80.5209290119407,17.956961028736387,68.63928618291563,30.104206869934387,401.10526315789474,322.9736842105263,72.02631578947368,58.78947368421053,27.026315789473685,275.3157894736842,68.1842105263158,20.526315789473685,46.60526315789474,9.973684210526315,0.6842105263157895
3194,13397,10596,2680,1804,795,9432,2389,670,1748,313,23,38,19.63182091176071,3.3582186928673186,Italy,79.09233410465029,20.004478614615213,70.40382175113832,28.045207199665136,352.55263157894734,278.8421052631579,70.52631578947368,47.473684210526315,20.92105263157895,248.21052631578948,62.86842105263158,17.63157894736842,46.0,8.236842105263158,0.6052631578947368
3197,12595,9556,2442,2081,841,8589,2808,783,1751,363,35,38,19.322108041087976,4.093159532274851,Italy,75.87137753076618,19.388646288209607,68.1937276697102,27.884615384615387,331.44736842105266,251.47368421052633,64.26315789473684,54.76315789473684,22.13157894736842,226.02631578947367,73.89473684210526,20.605263157894736,46.078947368421055,9.552631578947368,0.9210526315789473
3204,13683,11143,2501,1834,783,9058,2335,676,1824,334,30,38,19.360610561411505,3.3085796555698397,Italy,81.43681941094789,18.2781553752832,66.19893298253307,28.950749464668096,360.07894736842104,293.2368421052632,65.8157894736842,48.26315789473684,20.605263157894736,238.3684210526316,61.44736842105263,17.789473684210527,48.0,8.789473684210526,0.7894736842105263
3219,15672,13096,2648,1913,847,10726,2416,675,1678,419,27,38,19.553227720598176,2.806011660908833,Italy,83.56304236855539,16.89637570188872,68.44053088310362,27.938741721854303,412.42105263157896,344.63157894736844,69.6842105263158,50.3421052631579,22.289473684210527,282.2631578947368,63.578947368421055,17.763157894736842,44.1578947368421,11.026315789473685,0.7105263157894737
3315,13352,10420,2797,2210,950,9184,2505,858,1838,428,22,38,20.126374792030905,3.6587939562431804,Italy,78.0407429598562,20.948172558418214,68.78370281605753,34.25149700598802,351.36842105263156,274.2105263157895,73.60526315789474,58.1578947368421,25.0,241.68421052631578,65.92105263157895,22.57894736842105,48.36842105263158,11.263157894736842,0.5789473684210527
3766,18499,16035,2813,2278,955,13007,2302,808,1695,504,73,38,18.722615839401435,2.674400934586673,France,86.68036110060004,15.206227363641279,70.31190875182443,35.09991311902693,486.8157894736842,421.9736842105263,74.02631578947368,59.94736842105263,25.13157894736842,342.2894736842105,60.578947368421055,21.263157894736842,44.60526315789474,13.263157894736842,1.9210526315789473
3767,23908,21337,2775,2803,1583,15922,2187,781,1669,558,90,38,18.11024672171778,2.267136115702164,France,89.2462773966873,11.606993474987453,66.59695499414423,35.711019661636946,629.1578947368421,561.5,73.02631578947368,73.76315789473684,41.6578947368421,419.0,57.55263157894737,20.55263157894737,43.921052631578945,14.68421052631579,2.3684210526315788
3770,13762,10902,2601,2162,936,9974,2698,781,1838,433,30,38,19.028331344444993,3.7110875668203684,France,79.21813689870658,18.899869205057403,72.47493096933584,28.947368421052634,362.1578947368421,286.89473684210526,68.44736842105263,56.89473684210526,24.63157894736842,262.4736842105263,71.0,20.55263157894737,48.36842105263158,11.394736842105264,0.7894736842105263
3771,18582,15978,2779,2335,1124,13347,2611,846,1766,561,73,38,19.161489585670612,2.673360752696009,France,85.98643848886019,14.955333118071252,71.82757507265094,32.40137878207584,489.0,420.4736842105263,73.13157894736842,61.44736842105263,29.57894736842105,351.2368421052632,68.71052631578948,22.263157894736842,46.473684210526315,14.763157894736842,1.9210526315789473
3772,16135,13477,2785,2210,1000,11383,2579,809,1784,414,48,38,18.840281462383583,3.225032716700832,France,83.52649519677719,17.260613572978,70.54849705608925,31.36874757658007,424.60526315789474,354.6578947368421,73.28947368421052,58.1578947368421,26.31578947368421,299.55263157894734,67.86842105263158,21.289473684210527,46.94736842105263,10.894736842105264,1.263157894736842
3774,15264,12539,2836,2345,858,10914,2331,820,1937,394,42,38,19.746216894519492,3.4834005426798305,France,82.14753668763103,18.57966457023061,71.50157232704403,35.17803517803518,401.6842105263158,329.9736842105263,74.63157894736842,61.71052631578947,22.57894736842105,287.2105263157895,61.3421052631579,21.57894736842105,50.973684210526315,10.368421052631579,1.105263157894737
3775,21131,18738,2745,2222,842,13496,2191,622,1637,417,42,38,18.574642020357572,2.378534440969146,France,88.67540580190241,12.99039326108561,63.86825043774549,28.3888635326335,556.078947368421,493.10526315789474,72.23684210526316,58.473684210526315,22.157894736842106,355.1578947368421,57.6578947368421,16.36842105263158,43.078947368421055,10.973684210526315,1.105263157894737
3776,17716,15018,2666,2327,860,12007,2603,704,1699,391,38,38,18.280912242259678,3.115789553378448,France,84.77082862948747,15.048543689320388,67.7748927523143,27.04571648098348,466.2105263157895,395.2105263157895,70.15789473684211,61.23684210526316,22.63157894736842,315.9736842105263,68.5,18.526315789473685,44.71052631578947,10.289473684210526,1.0
3777,14357,11673,2826,2223,814,10185,2649,803,1833,397,30,38,19.88879422419317,3.5860653817657155,France,81.30528661976736,19.683777948039282,70.94100438810337,30.31332578331446,377.8157894736842,307.1842105263158,74.36842105263158,58.5,21.42105263157895,268.0263157894737,69.71052631578948,21.13157894736842,48.23684210526316,10.447368421052632,0.7894736842105263
3779,14280,11632,2947,2047,877,10036,2519,806,1835,403,34,38,19.871395563722913,3.4315161102531158,France,81.45658263305322,20.637254901960784,70.28011204481793,31.99682413656213,375.7894736842105,306.10526315789474,77.55263157894737,53.86842105263158,23.07894736842105,264.10526315789474,66.28947368421052,21.210526315789473,48.28947368421053,10.605263157894736,0.8947368421052632
3780,12903,10113,2624,2244,944,8965,2626,928,1995,378,27,38,19.469739743092525,3.8972697293221374,France,78.377121599628,20.33635588622801,69.47996589940324,35.33891850723534,339.55263157894734,266.13157894736844,69.05263157894737,59.05263157894737,24.842105263157894,235.92105263157896,69.10526315789474,24.42105263157895,52.5,9.947368421052632,0.7105263157894737
3782,16411,13721,2710,2162,915,11400,2494,748,1930,374,38,38,18.84174827786462,2.994186805399423,France,83.60855523734081,16.51331424044848,69.46560233989398,29.991980753809145,431.86842105263156,361.07894736842104,71.3157894736842,56.89473684210526,24.07894736842105,300.0,65.63157894736842,19.68421052631579,50.78947368421053,9.842105263157896,1.0
3783,13627,10704,2838,2168,889,9566,2741,790,1833,412,20,38,19.620886930093008,3.7920040776025807,France,78.54993762383504,20.82630072649886,70.19886989065826,28.82159795695002,358.60526315789474,281.6842105263158,74.6842105263158,57.05263157894737,23.394736842105264,251.73684210526315,72.13157894736842,20.789473684210527,48.23684210526316,10.842105263157896,0.5263157894736842
3785,15428,12687,2470,2135,911,11319,2391,786,1837,383,37,38,18.89089687917571,3.119702833056288,France,82.23360124449054,16.00985221674877,73.36660617059891,32.8732747804266,406.0,333.86842105263156,65.0,56.18421052631579,23.973684210526315,297.86842105263156,62.921052631578945,20.68421052631579,48.3421052631579,10.078947368421053,0.9736842105263158
3787,15112,12249,3112,2336,976,10917,2379,617,1878,426,35,38,19.656243079687766,3.7224667627528567,France,81.05479089465325,20.592906299629433,72.24060349391212,25.935266918873477,397.6842105263158,322.3421052631579,81.89473684210526,61.473684210526315,25.68421052631579,287.2894736842105,62.60526315789474,16.236842105263158,49.421052631578945,11.210526315789474,0.9210526315789473
3789,13232,10390,2383,1925,724,8828,2576,722,1833,325,31,38,19.252677281639116,3.903112884288085,France,78.5217654171705,18.009371221281743,66.71704957678357,28.027950310559007,348.2105263157895,273.42105263157896,62.71052631578947,50.6578947368421,19.05263157894737,232.31578947368422,67.78947368421052,19.0,48.23684210526316,8.552631578947368,0.8157894736842105
3795,13687,11002,2472,2065,836,9998,2468,764,1851,326,27,38,19.355103439705193,3.8377089898777355,France,80.38284503543508,18.060933732739095,73.0474172572514,30.956239870340358,360.1842105263158,289.5263157894737,65.05263157894737,54.3421052631579,22.0,263.10526315789474,64.94736842105263,20.105263157894736,48.71052631578947,8.578947368421053,0.7105263157894737
3799,14406,11733,2567,2055,845,10484,2583,759,1883,408,36,38,18.79447807749738,3.4843803506022804,France,81.44523115368597,17.818964320422044,72.77523254199639,29.38443670150987,379.10526315789474,308.7631578947368,67.55263157894737,54.078947368421055,22.236842105263158,275.89473684210526,67.97368421052632,19.973684210526315,49.55263157894737,10.736842105263158,0.9473684210526315
3804,14825,12115,3017,2128,883,10093,2707,700,1794,394,47,38,19.698027552508275,3.3978005648322283,France,81.72006745362563,20.350758853288365,68.08094435075886,25.858884373845587,390.13157894736844,318.8157894736842,79.39473684210526,56.0,23.236842105263158,265.60526315789474,71.23684210526316,18.42105263157895,47.21052631578947,10.368421052631579,1.236842105263158
10531,14842,12235,2896,2114,792,10435,2222,625,1685,304,26,38,19.685837330663443,3.219707147194382,England,82.43498180838162,19.51219512195122,70.30723622153349,28.127812781278127,390.57894736842104,321.9736842105263,76.21052631578948,55.63157894736842,20.842105263157894,274.60526315789474,58.473684210526315,16.44736842105263,44.3421052631579,8.0,0.6842105263157895
19830,15899,13185,2841,2360,1049,11067,2428,865,1887,428,74,38,19.462387204706303,3.2196896652365696,France,82.92974400905717,17.869048367821875,69.60815145606641,35.626029654036245,418.39473684210526,346.9736842105263,74.76315789473684,62.10526315789474,27.605263157894736,291.2368421052632,63.89473684210526,22.763157894736842,49.6578947368421,11.263157894736842,1.9473684210526316
